{
  "version": "1.0",
  "caseName": "CATIA Coupling: Tangency Alignment",
  "description": "Emulated CATIA coupling logic. Automatically detects G1 discontinuities (sharp corners) and aligns them across patches.",
  "geometry": {
    "type": "NURBS_Collection",
    "mesh": { "vertices": [], "indices": [] },
    "debugMarkers": {},
    "nurbs": {
      "curves": [
        {
          "degree": 3,
          "knots": [0, 0, 0, 0, 0.25, 0.25, 0.25, 0.5, 0.5, 0.5, 0.75, 0.75, 0.75, 1, 1, 1, 1],
          "controlPoints": [1, 1, 0, 1, 1, 0, 1, 1, 0, -1, 1, 0, -1, 1, 0, -1, 1, 0, -1, -1, 0, -1, -1, 0, -1, -1, 0, 1, -1, 0, 1, -1, 0, 1, -1, 0]
        },
        {
          "degree": 3,
          "knots": [0, 0, 0, 0, 0.25, 0.25, 0.25, 0.5, 0.5, 0.5, 0.75, 0.75, 0.75, 1, 1, 1, 1],
          "controlPoints": [1.11022e-16, 1.41421, 10, 1.11022e-16, 1.41421, 10, 1.11022e-16, 1.41421, 10, -1.41421, 1.11022e-16, 10, -1.41421, 1.11022e-16, 10, -1.41421, 1.11022e-16, 10, -1.11022e-16, -1.41421, 10, -1.11022e-16, -1.41421, 10, -1.11022e-16, -1.41421, 10, 1.41421, -1.11022e-16, 10, 1.41421, -1.11022e-16, 10, 1.41421, -1.11022e-16, 10]
        }
      ],
      "surfaces": [
        {
          "degreeU": 3, "degreeV": 3,
          "knotsU": [0, 0, 0, 0, 0.25, 0.25, 0.25, 0.5, 0.5, 0.5, 0.75, 0.75, 0.75, 1, 1, 1, 1],
          "knotsV": [0, 0, 0, 0, 1, 1, 1, 1],
          "controlPoints": [
            1, 1, 0,
            1, 1, 0,
            1, 1, 0,
            -1, 1, 0,
            -1, 1, 0,
            -1, 1, 0,
            -1, -1, 0,
            -1, -1, 0,
            -1, -1, 0,
            1, -1, 0,
            1, -1, 0,
            1, -1, 0,
            0.666667, 1.13807, 3.33333,
            0.666667, 1.13807, 3.33333,
            0.666667, 1.13807, 3.33333,
            -1.13807, 0.666667, 3.33333,
            -1.13807, 0.666667, 3.33333,
            -1.13807, 0.666667, 3.33333,
            -0.666667, -1.13807, 3.33333,
            -0.666667, -1.13807, 3.33333,
            -0.666667, -1.13807, 3.33333,
            1.13807, -0.666667, 3.33333,
            1.13807, -0.666667, 3.33333,
            1.13807, -0.666667, 3.33333,
            0.333333, 1.27614, 6.66667,
            0.333333, 1.27614, 6.66667,
            0.333333, 1.27614, 6.66667,
            -1.27614, 0.333333, 6.66667,
            -1.27614, 0.333333, 6.66667,
            -1.27614, 0.333333, 6.66667,
            -0.333333, -1.27614, 6.66667,
            -0.333333, -1.27614, 6.66667,
            -0.333333, -1.27614, 6.66667,
            1.27614, -0.333333, 6.66667,
            1.27614, -0.333333, 6.66667,
            1.27614, -0.333333, 6.66667,
            1.11022e-16, 1.41421, 10,
            1.11022e-16, 1.41421, 10,
            1.11022e-16, 1.41421, 10,
            -1.41421, 1.11022e-16, 10,
            -1.41421, 1.11022e-16, 10,
            -1.41421, 1.11022e-16, 10,
            -1.11022e-16, -1.41421, 10,
            -1.11022e-16, -1.41421, 10,
            -1.11022e-16, -1.41421, 10,
            1.41421, -1.11022e-16, 10,
            1.41421, -1.11022e-16, 10,
            1.41421, -1.11022e-16, 10
          ]
        }
      ]
    }
  }
}
