{
  "version": "1.0",
  "caseName": "Fairing OFF: Noisy Guide",
  "description": "Standard algebraic interpolation following the noisy guide exactly. Resulting surface inherits the jitter.",
  "geometry": {
    "type": "NURBS_Collection",
    "mesh": { "vertices": [], "indices": [] },
    "debugMarkers": {},
    "nurbs": {
      "curves": [
        {
          "degree": 3,
          "knots": [],
          "controlPoints": [1, 0, 0, 0.866025, 0.5, 0, 0.5, 0.866025, 0, 6.12323e-17, 1, 0, -0.5, 0.866025, 0, -0.866025, 0.5, 0, -1, 1.22465e-16, 0, -0.866025, -0.5, 0, -0.5, -0.866025, 0, -1.83697e-16, -1, 0, 0.5, -0.866025, 0, 0.866025, -0.5, 0]
        },
        {
          "degree": 3,
          "knots": [],
          "controlPoints": [1, 0, 10, 0.866025, 0.5, 10, 0.5, 0.866025, 10, 6.12323e-17, 1, 10, -0.5, 0.866025, 10, -0.866025, 0.5, 10, -1, 1.22465e-16, 10, -0.866025, -0.5, 10, -0.5, -0.866025, 10, -1.83697e-16, -1, 10, 0.5, -0.866025, 10, 0.866025, -0.5, 10]
        },
        {
          "degree": 1,
          "knots": [],
          "controlPoints": [0.3, 1, 0, -0.3, 1, 2, 0.3, 1, 4, -0.3, 1, 6, 0.3, 1, 8, -0.3, 1, 10]
        }
      ],
      "surfaces": [
        {
          "degreeU": 3, "degreeV": 3,
          "knotsU": [0, 0, 0, 0, 0.111111, 0.222222, 0.333333, 0.444444, 0.555556, 0.666667, 0.777778, 0.888889, 1, 1, 1, 1],
          "knotsV": [0, 0, 0, 0, 1, 1, 1, 1],
          "controlPoints": [
            1, 0, 0,
            0.866025, 0.5, 0,
            0.5, 0.866025, 0,
            6.12323e-17, 1, 0,
            -0.5, 0.866025, 0,
            -0.866025, 0.5, 0,
            -1, 1.22465e-16, 0,
            -0.866025, -0.5, 0,
            -0.5, -0.866025, 0,
            -1.83697e-16, -1, 0,
            0.5, -0.866025, 0,
            0.866025, -0.5, 0,
            1, 0, 3.33333,
            0.866025, 0.5, 3.33333,
            0.5, 0.866025, 3.33333,
            6.12323e-17, 1, 3.33333,
            -0.5, 0.866025, 3.33333,
            -0.866025, 0.5, 3.33333,
            -1, 1.22465e-16, 3.33333,
            -0.866025, -0.5, 3.33333,
            -0.5, -0.866025, 3.33333,
            -1.83697e-16, -1, 3.33333,
            0.5, -0.866025, 3.33333,
            0.866025, -0.5, 3.33333,
            1, 0, 6.66667,
            0.866025, 0.5, 6.66667,
            0.5, 0.866025, 6.66667,
            6.12323e-17, 1, 6.66667,
            -0.5, 0.866025, 6.66667,
            -0.866025, 0.5, 6.66667,
            -1, 1.22465e-16, 6.66667,
            -0.866025, -0.5, 6.66667,
            -0.5, -0.866025, 6.66667,
            -1.83697e-16, -1, 6.66667,
            0.5, -0.866025, 6.66667,
            0.866025, -0.5, 6.66667,
            1, 0, 10,
            0.866025, 0.5, 10,
            0.5, 0.866025, 10,
            6.12323e-17, 1, 10,
            -0.5, 0.866025, 10,
            -0.866025, 0.5, 10,
            -1, 1.22465e-16, 10,
            -0.866025, -0.5, 10,
            -0.5, -0.866025, 10,
            -1.83697e-16, -1, 10,
            0.5, -0.866025, 10,
            0.866025, -0.5, 10
          ]
        }
      ]
    }
  }
}
