{
  "version": "1.0",
  "caseName": "Mutation: Circle to Square (Linear)",
  "description": "Theoretical transition using Analytic CP Propagation. Circular points collapse into square corners at a constant rate.",
  "geometry": {
    "type": "NURBS_Collection",
    "mesh": { "vertices": [], "indices": [] },
    "debugMarkers": {},
    "nurbs": {
      "curves": [
        {
          "degree": 3,
          "knots": [0, 0, 0, 0, 0.111111, 0.222222, 0.333333, 0.444444, 0.555556, 0.666667, 0.777778, 0.888889, 1, 1, 1, 1],
          "controlPoints": [1, 0, 0, 0.866025, 0.5, 0, 0.5, 0.866025, 0, 6.12323e-17, 1, 0, -0.5, 0.866025, 0, -0.866025, 0.5, 0, -1, 1.22465e-16, 0, -0.866025, -0.5, 0, -0.5, -0.866025, 0, -1.83697e-16, -1, 0, 0.5, -0.866025, 0, 0.866025, -0.5, 0]
        },
        {
          "degree": 3,
          "knots": [0, 0, 0, 0, 0.111111, 0.222222, 0.333333, 0.444444, 0.555556, 0.666667, 0.777778, 0.888889, 1, 1, 1, 1],
          "controlPoints": [1, 1, 10, 1, 1, 10, 1, 1, 10, -1, 1, 10, -1, 1, 10, -1, 1, 10, -1, -1, 10, -1, -1, 10, -1, -1, 10, 1, -1, 10, 1, -1, 10, 1, -1, 10]
        }
      ],
      "surfaces": [
        {
          "degreeU": 3, "degreeV": 3,
          "knotsU": [0, 0, 0, 0, 0.111111, 0.222222, 0.333333, 0.444444, 0.555556, 0.666667, 0.777778, 0.888889, 1, 1, 1, 1],
          "knotsV": [0, 0, 0, 0, 1, 1, 1, 1],
          "controlPoints": [
            1, 0, 0,
            0.866025, 0.5, 0,
            0.5, 0.866025, 0,
            6.12323e-17, 1, 0,
            -0.5, 0.866025, 0,
            -0.866025, 0.5, 0,
            -1, 1.22465e-16, 0,
            -0.866025, -0.5, 0,
            -0.5, -0.866025, 0,
            -1.83697e-16, -1, 0,
            0.5, -0.866025, 0,
            0.866025, -0.5, 0,
            1, 0.333333, 3.33333,
            0.910684, 0.666667, 3.33333,
            0.666667, 0.910684, 3.33333,
            -0.333333, 1, 3.33333,
            -0.666667, 0.910684, 3.33333,
            -0.910684, 0.666667, 3.33333,
            -1, -0.333333, 3.33333,
            -0.910684, -0.666667, 3.33333,
            -0.666667, -0.910684, 3.33333,
            0.333333, -1, 3.33333,
            0.666667, -0.910684, 3.33333,
            0.910684, -0.666667, 3.33333,
            1, 0.666667, 6.66667,
            0.955342, 0.833333, 6.66667,
            0.833333, 0.955342, 6.66667,
            -0.666667, 1, 6.66667,
            -0.833333, 0.955342, 6.66667,
            -0.955342, 0.833333, 6.66667,
            -1, -0.666667, 6.66667,
            -0.955342, -0.833333, 6.66667,
            -0.833333, -0.955342, 6.66667,
            0.666667, -1, 6.66667,
            0.833333, -0.955342, 6.66667,
            0.955342, -0.833333, 6.66667,
            1, 1, 10,
            1, 1, 10,
            1, 1, 10,
            -1, 1, 10,
            -1, 1, 10,
            -1, 1, 10,
            -1, -1, 10,
            -1, -1, 10,
            -1, -1, 10,
            1, -1, 10,
            1, -1, 10,
            1, -1, 10
          ]
        }
      ]
    }
  }
}
