{
  "version": "1.0",
  "caseName": "Mutation: Circle to Square (Accelerated)",
  "description": "Higher mutation rate (4.0) causes early sharpening of corners by accelerating the point collapse field.",
  "geometry": {
    "type": "NURBS_Collection",
    "mesh": { "vertices": [], "indices": [] },
    "debugMarkers": {},
    "nurbs": {
      "curves": [
        {
          "degree": 3,
          "knots": [0, 0, 0, 0, 0.111111, 0.222222, 0.333333, 0.444444, 0.555556, 0.666667, 0.777778, 0.888889, 1, 1, 1, 1],
          "controlPoints": [1, 0, 0, 0.866025, 0.5, 0, 0.5, 0.866025, 0, 6.12323e-17, 1, 0, -0.5, 0.866025, 0, -0.866025, 0.5, 0, -1, 1.22465e-16, 0, -0.866025, -0.5, 0, -0.5, -0.866025, 0, -1.83697e-16, -1, 0, 0.5, -0.866025, 0, 0.866025, -0.5, 0]
        },
        {
          "degree": 3,
          "knots": [0, 0, 0, 0, 0.111111, 0.222222, 0.333333, 0.444444, 0.555556, 0.666667, 0.777778, 0.888889, 1, 1, 1, 1],
          "controlPoints": [1, 1, 10, 1, 1, 10, 1, 1, 10, -1, 1, 10, -1, 1, 10, -1, 1, 10, -1, -1, 10, -1, -1, 10, -1, -1, 10, 1, -1, 10, 1, -1, 10, 1, -1, 10]
        }
      ],
      "surfaces": [
        {
          "degreeU": 3, "degreeV": 3,
          "knotsU": [0, 0, 0, 0, 0.111111, 0.222222, 0.333333, 0.444444, 0.555556, 0.666667, 0.777778, 0.888889, 1, 1, 1, 1],
          "knotsV": [0, 0, 0, 0, 1, 1, 1, 1],
          "controlPoints": [
            1, 0, 0,
            0.866025, 0.5, 0,
            0.5, 0.866025, 0,
            6.12323e-17, 1, 0,
            -0.5, 0.866025, 0,
            -0.866025, 0.5, 0,
            -1, 1.22465e-16, 0,
            -0.866025, -0.5, 0,
            -0.5, -0.866025, 0,
            -1.83697e-16, -1, 0,
            0.5, -0.866025, 0,
            0.866025, -0.5, 0,
            1, 0.0740741, 0.740741,
            0.875949, 0.537037, 0.740741,
            0.537037, 0.875949, 0.740741,
            -0.0740741, 1, 0.740741,
            -0.537037, 0.875949, 0.740741,
            -0.875949, 0.537037, 0.740741,
            -1, -0.0740741, 0.740741,
            -0.875949, -0.537037, 0.740741,
            -0.537037, -0.875949, 0.740741,
            0.0740741, -1, 0.740741,
            0.537037, -0.875949, 0.740741,
            0.875949, -0.537037, 0.740741,
            1, -0.259259, -2.59259,
            0.831291, 0.37037, -2.59259,
            0.37037, 0.831291, -2.59259,
            0.259259, 1, -2.59259,
            -0.37037, 0.831291, -2.59259,
            -0.831291, 0.37037, -2.59259,
            -1, 0.259259, -2.59259,
            -0.831291, -0.37037, -2.59259,
            -0.37037, -0.831291, -2.59259,
            -0.259259, -1, -2.59259,
            0.37037, -0.831291, -2.59259,
            0.831291, -0.37037, -2.59259,
            1, 1, 10,
            1, 1, 10,
            1, 1, 10,
            -1, 1, 10,
            -1, 1, 10,
            -1, 1, 10,
            -1, -1, 10,
            -1, -1, 10,
            -1, -1, 10,
            1, -1, 10,
            1, -1, 10,
            1, -1, 10
          ]
        }
      ]
    }
  }
}
