{
  "caseName": "Mutation: Circle to Square (Sharp)",
  "description": "True C0 sharp corner transition using increased control point multiplicity (12 points total, 3 per corner).",
  "geometry": {
    "nurbs": {
      "curves": [
        {
          "controlPoints": [
            1.0,
            0.0,
            0.0,
            0.965,
            0.258,
            0.0,
            0.866,
            0.5,
            0.0,
            0.707,
            0.707,
            0.0,
            0.5,
            0.866,
            0.0,
            0.258,
            0.965,
            0.0,
            0.0,
            1.0,
            0.0,
            -0.258,
            0.965,
            0.0,
            -0.5,
            0.866,
            0.0,
            -0.707,
            0.707,
            0.0,
            -0.866,
            0.5,
            0.0,
            -0.965,
            0.258,
            0.0
          ],
          "degree": 3,
          "knots": [
            0.0,
            0.0,
            0.0,
            0.0,
            0.1111111111111111,
            0.2222222222222222,
            0.3333333333333333,
            0.4444444444444444,
            0.5555555555555556,
            0.6666666666666666,
            0.7777777777777778,
            0.8888888888888888,
            1.0,
            1.0,
            1.0,
            1.0
          ],
          "type": "section"
        },
        {
          "controlPoints": [
            1.0,
            1.0,
            10.0,
            1.0,
            1.0,
            10.0,
            1.0,
            1.0,
            10.0,
            -1.0,
            1.0,
            10.0,
            -1.0,
            1.0,
            10.0,
            -1.0,
            1.0,
            10.0,
            -1.0,
            -1.0,
            10.0,
            -1.0,
            -1.0,
            10.0,
            -1.0,
            -1.0,
            10.0,
            1.0,
            -1.0,
            10.0,
            1.0,
            -1.0,
            10.0,
            1.0,
            -1.0,
            10.0
          ],
          "degree": 3,
          "knots": [
            0.0,
            0.0,
            0.0,
            0.0,
            0.1111111111111111,
            0.2222222222222222,
            0.3333333333333333,
            0.4444444444444444,
            0.5555555555555556,
            0.6666666666666666,
            0.7777777777777778,
            0.8888888888888888,
            1.0,
            1.0,
            1.0,
            1.0
          ],
          "type": "section"
        }
      ],
      "surfaces": [
        {
          "controlPoints": [
            1.0,
            0.0,
            0.0,
            0.965,
            0.258,
            0.0,
            0.866,
            0.5,
            0.0,
            0.707,
            0.707,
            0.0,
            0.5,
            0.866,
            0.0,
            0.258,
            0.965,
            0.0,
            0.0,
            1.0,
            0.0,
            -0.258,
            0.965,
            0.0,
            -0.5,
            0.866,
            0.0,
            -0.707,
            0.707,
            0.0,
            -0.866,
            0.5,
            0.0,
            -0.965,
            0.258,
            0.0,
            0.9999999999999993,
            -0.3333333333333333,
            3.333333333333333,
            0.9766666666666663,
            -0.1613333333333332,
            3.333333333333333,
            0.9106666666666664,
            0.0,
            3.333333333333333,
            0.8046666666666663,
            0.8046666666666663,
            3.333333333333333,
            0.6666666666666669,
            0.9106666666666664,
            3.333333333333333,
            0.5053333333333331,
            0.9766666666666663,
            3.333333333333333,
            -0.3333333333333333,
            0.9999999999999993,
            3.333333333333333,
            -0.5053333333333331,
            0.9766666666666663,
            3.333333333333333,
            -0.6666666666666669,
            0.9106666666666664,
            3.333333333333333,
            -0.8046666666666663,
            0.13799999999999993,
            3.333333333333333,
            -0.9106666666666664,
            0.0,
            3.333333333333333,
            -0.9766666666666663,
            -0.1613333333333332,
            3.333333333333333,
            1.0,
            -0.6666666666666666,
            6.666666666666664,
            0.9883333333333332,
            -0.5806666666666667,
            6.666666666666664,
            0.9553333333333336,
            -0.49999999999999994,
            6.666666666666664,
            0.9023333333333335,
            0.9023333333333335,
            6.666666666666664,
            0.833333333333333,
            0.9553333333333336,
            6.666666666666664,
            0.7526666666666667,
            0.9883333333333332,
            6.666666666666664,
            -0.6666666666666666,
            1.0,
            6.666666666666664,
            -0.7526666666666667,
            0.9883333333333332,
            6.666666666666664,
            -0.833333333333333,
            0.9553333333333336,
            6.666666666666664,
            -0.9023333333333335,
            -0.4309999999999999,
            6.666666666666664,
            -0.9553333333333336,
            -0.49999999999999994,
            6.666666666666664,
            -0.9883333333333332,
            -0.5806666666666667,
            6.666666666666664,
            1.0,
            -1.0,
            10.0,
            1.0,
            -1.0,
            10.0,
            1.0,
            -1.0,
            10.0,
            1.0,
            1.0,
            10.0,
            1.0,
            1.0,
            10.0,
            1.0,
            1.0,
            10.0,
            -1.0,
            1.0,
            10.0,
            -1.0,
            1.0,
            10.0,
            -1.0,
            1.0,
            10.0,
            -1.0,
            -1.0,
            10.0,
            -1.0,
            -1.0,
            10.0,
            -1.0,
            -1.0,
            10.0
          ],
          "degreeU": 3,
          "degreeV": 3,
          "knotsU": [
            0.0,
            0.0,
            0.0,
            0.0,
            0.1111111111111111,
            0.2222222222222222,
            0.3333333333333333,
            0.4444444444444444,
            0.5555555555555556,
            0.6666666666666666,
            0.7777777777777778,
            0.8888888888888888,
            1.0,
            1.0,
            1.0,
            1.0
          ],
          "knotsV": [
            0.0,
            0.0,
            0.0,
            0.0,
            1.0,
            1.0,
            1.0,
            1.0
          ]
        }
      ]
    },
    "type": "NURBS_Collection"
  },
  "input": {
    "mutation_rate": 1.0,
    "sections": [
      {
        "control_points": [
          {
            "x": 1.0,
            "y": 0.0,
            "z": 0.0
          },
          {
            "x": 0.965,
            "y": 0.258,
            "z": 0.0
          },
          {
            "x": 0.866,
            "y": 0.5,
            "z": 0.0
          },
          {
            "x": 0.707,
            "y": 0.707,
            "z": 0.0
          },
          {
            "x": 0.5,
            "y": 0.866,
            "z": 0.0
          },
          {
            "x": 0.258,
            "y": 0.965,
            "z": 0.0
          },
          {
            "x": 0.0,
            "y": 1.0,
            "z": 0.0
          },
          {
            "x": -0.258,
            "y": 0.965,
            "z": 0.0
          },
          {
            "x": -0.5,
            "y": 0.866,
            "z": 0.0
          },
          {
            "x": -0.707,
            "y": 0.707,
            "z": 0.0
          },
          {
            "x": -0.866,
            "y": 0.5,